OPN1LW	X	153409699	G	A	c.-59G>A	c.-59G>A	1	22089	0.000045271402055321653	0	1
OPN1LW	X	153409709	G	A	c.-49G>A	c.-49G>A	1	180993	0.00000552507555540822	0	0
OPN1LW	X	153409711	T	G	c.-47T>G	c.-47T>G	1	181068	0.00000552278701924139	0	1
OPN1LW	X	153409714	T	C	c.-44T>C	c.-44T>C	521	203523	0.002559907234071825	0	168
OPN1LW	X	153409716	C	G	c.-42C>G	c.-42C>G	200	203428	0.0009831488290697446	2	50
OPN1LW	X	153409716	C	T	c.-42C>T	c.-42C>T	4	181452	0.000022044397416396623	0	2
OPN1LW	X	153409717	G	A	c.-41G>A	c.-41G>A	92	203653	0.00045174880802148753	0	29
OPN1LW	X	153409717	G	T	c.-41G>T	c.-41G>T	5	181696	0.000027518492426910883	0	1
OPN1LW	X	153409725	C	T	c.-33C>T	c.-33C>T	5	181033	0.000027619273834052355	0	4
OPN1LW	X	153409726	G	A	c.-32G>A	c.-32G>A	1	181031	0.000005523915793427645	0	0
OPN1LW	X	153409730	G	GC	c.-26dupC	c.-26dupC	1	180607	0.0000055368839524492405	0	0
OPN1LW	X	153409732	C	T	c.-26C>T	c.-26C>T	5	180408	0.000027714957208106072	0	0
OPN1LW	X	153409733	G	A	c.-25G>A	c.-25G>A	14	201746	0.00006939418873236644	0	6
OPN1LW	X	153409734	T	C	c.-24T>C	c.-24T>C	1	180176	0.000005550128762987301	0	1
OPN1LW	X	153409734	T	G	c.-24T>G	c.-24T>G	2	180176	0.000011100257525974602	0	1
OPN1LW	X	153409735	C	T	c.-23C>T	c.-23C>T	4	179995	0.000022222839523320092	0	1
OPN1LW	X	153409736	G	A	c.-22G>A	c.-22G>A	25	179761	0.00013907354765494185	0	8
OPN1LW	X	153409736	G	C	c.-22G>C	c.-22G>C	27	179761	0.00015019943146733718	0	14
OPN1LW	X	153409738	G	A	c.-20G>A	c.-20G>A	8	179710	0.000044516164932391074	0	4
OPN1LW	X	153409739	G	C	c.-19G>C	c.-19G>C	8	179600	0.000044543429844097995	0	4
OPN1LW	X	153409739	G	A	c.-19G>A	c.-19G>A	1	179600	0.0000055679287305122494	0	0
OPN1LW	X	153409762	C	T	p.Ala2Val	c.5C>T	6	175361	0.000034215133353482245	0	3
OPN1LW	X	153409769	G	A	p.Gln4Gln	c.12G>A	1	173698	0.000005757118677244412	0	0
OPN1LW	X	153409770	T	C	p.Trp5Arg	c.13T>C	1	173219	0.000005773038754409159	0	0
OPN1LW	X	153409775	C	A	p.Ser6Arg	c.18C>A	1	20494	0.00004879476920074168	0	1
OPN1LW	X	153409785	C	T	p.Leu10Phe	c.28C>T	1	166695	0.000005998980173370527	0	0
OPN1LW	X	153409788	G	A	p.Ala11Thr	c.31G>A	13	185994	0.00006989472778691785	0	4
OPN1LW	X	153409792	G	A	p.Gly12Asp	c.35G>A	2	167253	0.000011957931995240742	0	0
OPN1LW	X	153409794	C	T	p.Arg13Cys	c.37C>T	1	19239	0.0000519777535214928	0	0
OPN1LW	X	153409799	T	A	p.His14Gln	c.42T>A	1	172827	0.0000057861329537630115	0	0
OPN1LW	X	153409799	T	C	p.His14His	c.42T>C	1	172827	0.0000057861329537630115	0	1
OPN1LW	X	153409801	C	T	p.Pro15Leu	c.44C>T	8	192330	0.000041595174959704674	0	2
OPN1LW	X	153409802	G	A	p.Pro15Pro	c.45G>A	17	192778	0.00008818433638693213	0	5
OPN1LW	X	153409802	G	T	p.Pro15Pro	c.45G>T	8	192778	0.000041498511240909234	0	1
OPN1LW	X	153409804	A	C	p.Gln16Pro	c.47A>C	2	175096	0.000011422305478137708	0	0
OPN1LW	X	153409824	A	G	p.Thr23Ala	c.67A>G	1	176779	0.000005656780499946261	0	1
OPN1LW	X	153409825	C	T	p.Thr23Ile	c.68C>T	1	176883	0.0000056534545433987434	0	0
OPN1LW	X	153409836	A	G	p.Ile27Val	c.79A>G	1	175661	0.000005692783258662993	0	0
OPN1LW	X	153409855	G	A	p.Ser33Asn	c.98G>A	2	171121	0.000011687636234009853	0	0
OPN1LW	X	153409857	A	G	p.Asn34Asp	c.100A>G	2	170093	0.000011758273415131722	0	0
OPN1LW	X	153409861	C	T	p.Ser35Phe	c.104C>T	1	168121	0.000005948096906394799	0	1
OPN1LW	X	153409882	G	A	c.112+13G>A	c.112+13G>A	2	145224	0.00001377182834793147	0	0
OPN1LW	X	153409885	C	T	c.112+16C>T	c.112+16C>T	86	156660	0.0005489595301927741	0	27
OPN1LW	X	153409886	G	T	c.112+17G>T	c.112+17G>T	2	140980	0.000014186409419775854	0	0
OPN1LW	X	153409886	G	A	c.112+17G>A	c.112+17G>A	3	140980	0.000021279614129663784	0	1
OPN1LW	X	153409901	C	T	c.112+32C>T	c.112+32C>T	1	126059	0.000007932793374530973	0	0
OPN1LW	X	153409903	G	A	c.112+34G>A	c.112+34G>A	5	123146	0.00004060221200851022	0	2
OPN1LW	X	153409909	G	T	c.112+40G>T	c.112+40G>T	1	116390	0.000008591803419537761	0	0
OPN1LW	X	153409911	G	T	c.112+42G>T	c.112+42G>T	1	112505	0.000008888493844718012	0	1
OPN1LW	X	153409917	C	T	c.112+48C>T	c.112+48C>T	4	122863	0.00003255658741850679	0	0
OPN1LW	X	153409918	G	A	c.112+49G>A	c.112+49G>A	4	110506	0.000036197129567625284	0	2
OPN1LW	X	153409935	G	A	c.112+66G>A	c.112+66G>A	1	12514	0.0000799105002397315	0	0
OPN1LW	X	153416079	G	C	c.113-49G>C	c.113-49G>C	4	84636	0.00004726121272271846	0	0
OPN1LW	X	153416081	C	T	c.113-47C>T	c.113-47C>T	7	84950	0.0000824014125956445	0	0
OPN1LW	X	153416082	G	A	c.113-46G>A	c.113-46G>A	8	72570	0.00011023839051949841	0	3
OPN1LW	X	153416088	G	A	c.113-40G>A	c.113-40G>A	2	75782	0.000026391491383178063	0	1
OPN1LW	X	153416093	C	T	c.113-35C>T	c.113-35C>T	1	79773	0.000012535569678964061	0	0
OPN1LW	X	153416113	G	T	c.113-15G>T	c.113-15G>T	1	95001	0.000010526204987315923	0	0
OPN1LW	X	153416119	T	G	c.113-9T>G	c.113-9T>G	1	101219	0.000009879568065284185	0	0
OPN1LW	X	153416127	GGCCCCTTC	G	p.Pro39ArgfsTer58	c.114_121delCCCCTTCG	1	108086	0.000009251892011916437	0	0
OPN1LW	X	153416128	G	A	p.Gly38Asp	c.113G>A	1	108518	0.000009215061095855065	0	0
OPN1LW	X	153416130	C	T	p.Pro39Ser	c.115C>T	1	110352	0.000009061910975786574	0	0
OPN1LW	X	153416135	C	T	p.Phe40Phe	c.120C>T	4	144007	0.000027776427534772616	0	1
OPN1LW	X	153416136	G	A	p.Glu41Lys	c.121G>A	2	159698	0.000012523638367418502	0	0
OPN1LW	X	153416138	A	G	p.Glu41Glu	c.123A>G	1	171144	0.000005843032767727761	0	0
OPN1LW	X	153416144	G	A	p.Pro43Pro	c.129G>A	5	178391	0.00002802831981434041	0	3
OPN1LW	X	153416150	C	T	p.Tyr45Tyr	c.135C>T	1	179192	0.00000558060627706594	0	1
OPN1LW	X	153416156	C	T	p.Ile47Ile	c.141C>T	4	179487	0.000022285736571450857	0	2
OPN1LW	X	153416156	C	G	p.Ile47Met	c.141C>G	2	179487	0.000011142868285725428	0	0
OPN1LW	X	153416164	G	A	p.Arg50Lys	c.149G>A	1	19748	0.000050638039295118495	0	0
OPN1LW	X	153416169	G	A	p.Val52Met	c.154G>A	1	181151	0.0000055202565815259095	0	1
OPN1LW	X	153416175	C	T	p.His54Tyr	c.160C>T	1	181317	0.000005515202656121599	0	0
OPN1LW	X	153416178	C	G	p.Leu55Val	c.163C>G	3	181412	0.000016536943531850153	0	0
OPN1LW	X	153416183	C	G	p.Thr56Thr	c.168C>G	2	202074	0.000009897364331878421	0	1
OPN1LW	X	153416187	G	A	p.Val58Ile	c.172G>A	2	202285	0.000009887040561583904	0	1
OPN1LW	X	153416195	G	A	p.Met60Ile	c.180G>A	1	20833	0.000048000768012288194	0	0
OPN1LW	X	153416198	C	G	p.Ile61Met	c.183C>G	1	181851	0.000005499007429159037	0	1
OPN1LW	X	153416200	T	C	p.Phe62Ser	c.185T>C	1	181880	0.0000054981306355839015	0	0
OPN1LW	X	153416205	G	A	p.Val64Ile	c.190G>A	1	181918	0.000005496982156795919	0	1
OPN1LW	X	153416207	C	T	p.Val64Val	c.192C>T	1	181919	0.000005496951940149188	0	0
OPN1LW	X	153416209	C	T	p.Thr65Ile	c.194C>T	90	181759	0.0004951611749624503	1	39
OPN1LW	X	153416211	G	A	p.Ala66Thr	c.196G>A	6	203104	0.000029541515676697653	0	4
OPN1LW	X	153416216	C	T	p.Ser67Ser	c.201C>T	8	203084	0.0000393925666226783	0	3
OPN1LW	X	153416217	G	A	p.Val68Ile	c.202G>A	13	181981	0.00007143602903599827	0	7
OPN1LW	X	153416228	T	C	p.Asn71Asn	c.213T>C	1	21200	0.000047169811320754715	0	0
OPN1LW	X	153416235	G	A	p.Val74Met	c.220G>A	1	182041	0.000005493268000065919	0	0
OPN1LW	X	153416242	C	T	p.Ala76Val	c.227C>T	7	202955	0.00003449040427681013	0	3
OPN1LW	X	153416242	C	A	p.Ala76Glu	c.227C>A	1	182000	0.000005494505494505494	0	0
OPN1LW	X	153416243	G	A	p.Ala76Ala	c.228G>A	1	181997	0.0000054945960647702985	0	0
OPN1LW	X	153416248	C	A	p.Thr78Asn	c.233C>A	3	181802	0.000016501468630708132	0	2
OPN1LW	X	153416248	C	T	p.Thr78Ile	c.233C>T	1	181802	0.000005500489543569378	0	1
OPN1LW	X	153416250	A	G	p.Met79Val	c.235A>G	1	181786	0.000005500973672340004	0	1
OPN1LW	X	153416259	A	G	p.Lys82Glu	c.244A>G	1	181703	0.000005503486458671568	0	0
OPN1LW	X	153416261	G	A	p.Lys82Lys	c.246G>A	33	181693	0.00018162504884613057	1	13
OPN1LW	X	153416268	C	T	p.Arg85Cys	c.253C>T	2	181632	0.000011011275546159268	0	0
OPN1LW	X	153416269	G	A	p.Arg85His	c.254G>A	2	181579	0.000011014489561017518	0	1
OPN1LW	X	153416275	C	T	p.Pro87Leu	c.260C>T	1	181410	0.0000055123752825092335	0	0
OPN1LW	X	153416287	T	A	p.Ile91Asn	c.272T>A	1	181364	0.000005513773405968108	0	0
OPN1LW	X	153416298	C	T	p.Leu95Leu	c.283C>T	1	181265	0.000005516784817808182	0	1
OPN1LW	X	153416302	C	T	p.Ala96Val	c.287C>T	9	202039	0.000044545855008191486	0	3
OPN1LW	X	153416303	G	A	p.Ala96Ala	c.288G>A	86	202070	0.0004255950908101153	3	34
OPN1LW	X	153416304	G	T	p.Val97Phe	c.289G>T	1	181278	0.000005516389192290294	0	1
OPN1LW	X	153416304	G	A	p.Val97Ile	c.289G>A	10	202124	0.000049474579960816135	1	4
OPN1LW	X	153416307	G	A	p.Ala98Thr	c.292G>A	4	181272	0.00002206628712652809	0	2
OPN1LW	X	153416312	C	T	p.Asp99Asp	c.297C>T	1	181280	0.000005516328331862312	0	1
OPN1LW	X	153416315	A	G	p.Leu100Leu	c.300A>G	4314	201655	0.021392973147206864	115	1495
OPN1LW	X	153416316	G	A	p.Ala101Thr	c.301G>A	2	181242	0.000011034969819357544	0	0
OPN1LW	X	153416317	C	G	p.Ala101Gly	c.302C>G	1	181215	0.000005518306983417488	0	0
OPN1LW	X	153416317	C	T	p.Ala101Val	c.302C>T	1	20823	0.00004802381981462805	0	0
OPN1LW	X	153416324	C	G	p.Thr103Thr	c.309C>G	2	181151	0.000011040513163051819	0	1
OPN1LW	X	153416324	C	T	p.Thr103Thr	c.309C>T	2	181151	0.000011040513163051819	0	1
OPN1LW	X	153416325	G	A	p.Val104Ile	c.310G>A	12	201834	0.00005945479948868872	0	6
OPN1LW	X	153416330	C	T	p.Ile105Ile	c.315C>T	5	180911	0.000027637899298550117	0	1
OPN1LW	X	153416346	A	G	p.Ile111Val	c.331A>G	5274	199424	0.026446164955070604	693	1327
OPN1LW	X	153416346	A	C	p.Ile111Leu	c.331A>C	1	179218	0.000005579796672209265	0	0
OPN1LW	X	153416362	C	A	p.Ser116Tyr	c.347C>A	97	200735	0.00048322415124417764	4	41
OPN1LW	X	153416372	C	G	p.Phe119Leu	c.357C>G	1	180210	0.000005549081626990733	0	0
OPN1LW	X	153416372	C	T	p.Phe119Phe	c.357C>T	2	180210	0.000011098163253981466	0	1
OPN1LW	X	153416388	A	T	p.Met125Leu	c.373A>T	1	179982	0.000005556111166672222	0	0
OPN1LW	X	153416398	T	C	p.Leu128Pro	c.383T>C	2	179737	0.0000111273694342289	1	0
OPN1LW	X	153416408	C	T	p.Tyr131Tyr	c.393C>T	1	179343	0.000005575907618362579	0	0
OPN1LW	X	153416411	C	T	p.Thr132Thr	c.396C>T	2	179290	0.000011155111829996095	0	2
OPN1LW	X	153416420	G	C	p.Leu135Leu	c.405G>C	1	179077	0.000005584190041155481	0	0
OPN1LW	X	153416435	C	T	c.409+11C>T	c.409+11C>T	425	195976	0.0021686328938237335	11	163
OPN1LW	X	153416436	G	C	c.409+12G>C	c.409+12G>C	558	195913	0.002848203028895479	12	190
OPN1LW	X	153416436	G	A	c.409+12G>A	c.409+12G>A	3	177167	0.000016933176042942534	0	1
OPN1LW	X	153416439	G	T	c.409+15G>T	c.409+15G>T	1	176909	0.000005652623665274237	0	1
OPN1LW	X	153416448	C	T	c.409+24C>T	c.409+24C>T	1	176370	0.000005669898508816692	0	0
OPN1LW	X	153416448	C	G	c.409+24C>G	c.409+24C>G	5	176370	0.00002834949254408346	0	2
OPN1LW	X	153416449	G	A	c.409+25G>A	c.409+25G>A	2350	175043	0.01342527264729238	523	645
OPN1LW	X	153416450	G	A	c.409+26G>A	c.409+26G>A	41	194854	0.0002104139509581533	0	14
OPN1LW	X	153416451	C	T	c.409+27C>T	c.409+27C>T	5	194770	0.00002567130461570057	0	3
OPN1LW	X	153416451	C	A	c.409+27C>A	c.409+27C>A	1	18542	0.000053931614712544494	0	1
OPN1LW	X	153416452	G	A	c.409+28G>A	c.409+28G>A	2	176152	0.000011353830782506018	0	0
OPN1LW	X	153416457	C	G	c.409+33C>G	c.409+33C>G	1	18665	0.00005357621216180016	0	1
OPN1LW	X	153416469	C	A	c.409+45C>A	c.409+45C>A	1	174609	0.000005727081651003099	0	0
OPN1LW	X	153416470	C	G	c.409+46C>G	c.409+46C>G	1	174641	0.000005726032260465755	0	0
OPN1LW	X	153416472	G	A	c.409+48G>A	c.409+48G>A	3	174634	0.000017178785345350848	0	0
OPN1LW	X	153416473	C	T	c.409+49C>T	c.409+49C>T	1	174524	0.000005729870963305907	0	1
OPN1LW	X	153416487	C	G	c.409+63C>G	c.409+63C>G	1477	18391	0.08031102169539449	115	507
OPN1LW	X	153418392	A	G	c.410-21A>G	c.410-21A>G	5	149230	0.00003350532734704818	0	2
OPN1LW	X	153418401	C	T	c.410-12C>T	c.410-12C>T	2	151863	0.000013169764853848534	0	1
OPN1LW	X	153418408	C	T	c.410-5C>T	c.410-5C>T	1	16986	0.00005887201224537855	0	0
OPN1LW	X	153418409	A	G	c.410-4A>G	c.410-4A>G	1	153023	0.0000065349653320089135	0	0
OPN1LW	X	153418415	A	G	p.Ile138Val	c.412A>G	3	153353	0.000019562708261331697	1	1
OPN1LW	X	153418456	G	A	p.Arg151Arg	c.453G>A	481	171250	0.0028087591240875914	62	111
OPN1LW	X	153418460	C	A	p.Leu153Met	c.457C>A	380	171620	0.002214194149865983	78	173
OPN1LW	X	153418465	G	C	p.Val154Val	c.462G>C	5	155804	0.00003209160226951811	1	2
OPN1LW	X	153418468	G	C	p.Val155Val	c.465G>C	5253	171468	0.030635453845615508	570	1349
OPN1LW	X	153418468	G	A	p.Val155Val	c.465G>A	2	153935	0.000012992496833078896	0	0
OPN1LW	X	153418479	T	G	p.Phe159Cys	c.476T>G	1	166674	0.000005999736011615489	0	0
OPN1LW	X	153418486	T	C	p.Asn161Asn	c.483T>C	469	186605	0.0025133302966158463	33	114
OPN1LW	X	153418491	G	T	p.Arg163Ile	c.488G>T	66	168881	0.00039080772851889795	4	7
OPN1LW	X	153418497	A	G	p.Asp165Gly	c.494A>G	20	187293	0.00010678455681739307	3	5
OPN1LW	X	153418499	G	A	p.Ala166Thr	c.496G>A	3	169140	0.000017736786094359702	1	1
OPN1LW	X	153418499	G	T	p.Ala166Ser	c.496G>T	1	169140	0.000005912262031453234	0	0
OPN1LW	X	153418500	C	G	p.Ala166Gly	c.497C>G	1	169155	0.000005911737755313175	0	0
OPN1LW	X	153418509	C	T	p.Ala169Val	c.506C>T	1	169079	0.000005914395046102709	0	0
OPN1LW	X	153418513	C	T	p.Ile170Ile	c.510C>T	2	169031	0.000011832149132407666	0	2
OPN1LW	X	153418514	G	C	p.Val171Leu	c.511G>C	75	184436	0.0004066451235116788	2	13
OPN1LW	X	153418514	G	A	p.Val171Met	c.511G>A	25392	184436	0.137673773016114	2707	8247
OPN1LW	X	153418516	G	T	p.Val171Val	c.513G>T	25512	184522	0.13825993648453844	2732	8285
OPN1LW	X	153418516	G	A	p.Val171Val	c.513G>A	1	166805	0.000005995024129972123	0	0
OPN1LW	X	153418517	G	A	p.Gly172Ser	c.514G>A	3	168909	0.00001776104292844076	0	0
OPN1LW	X	153418524	C	T	p.Ala174Val	c.521C>T	16733	180910	0.09249350505776353	1772	5149
OPN1LW	X	153418532	T	C	p.Trp177Arg	c.529T>C	1	167594	0.000005966800720789527	0	0
OPN1LW	X	153418535	A	G	p.Ile178Val	c.532A>G	3088	181881	0.016978134054684107	195	862
OPN1LW	X	153418536	T	A	p.Ile178Asn	c.533T>A	1	167424	0.0000059728593272171254	0	1
OPN1LW	X	153418541	T	G	p.Ser180Ala	c.538T>G	36468	165866	0.21986422775011152	5881	11071
OPN1LW	X	153418543	T	C	p.Ser180Ser	c.540T>C	1	167291	0.00000597760788087823	0	1
OPN1LW	X	153418549	G	A	p.Val182Val	c.546G>A	2	167295	0.000011954929914223377	0	1
OPN1LW	X	153418556	G	A	p.Ala185Thr	c.553G>A	1	167143	0.0000059829008693154965	0	1
OPN1LW	X	153418560	C	T	p.Pro186Leu	c.557C>T	1	167097	0.0000059845478973290965	0	1
OPN1LW	X	153418561	G	A	p.Pro186Pro	c.558G>A	36	184398	0.00019522988318745324	3	9
OPN1LW	X	153418565	A	G	p.Ile188Val	c.562A>G	3	167086	0.000017954825658642853	0	0
OPN1LW	X	153418572	G	C	p.Gly190Ala	c.569G>C	1	166876	0.000005992473453342602	0	0
OPN1LW	X	153418590	G	T	c.578+9G>T	c.578+9G>T	1	165579	0.000006039413210612457	0	1
OPN1LW	X	153418591	C	T	c.578+10C>T	c.578+10C>T	31	181163	0.0001711166187356138	2	7
OPN1LW	X	153418592	G	A	c.578+11G>A	c.578+11G>A	7	180434	0.00003879534899187514	0	0
OPN1LW	X	153418597	C	T	c.578+16C>T	c.578+16C>T	18	163512	0.00011008366358432408	0	1
OPN1LW	X	153418598	G	A	c.578+17G>A	c.578+17G>A	8	162176	0.000049329123914759274	0	3
OPN1LW	X	153418602	G	C	c.578+21G>C	c.578+21G>C	5	157809	0.00003168387100862435	0	0
OPN1LW	X	153418609	T	C	c.578+28T>C	c.578+28T>C	1	146675	0.000006817794443497528	0	0
OPN1LW	X	153418615	G	C	c.578+34G>C	c.578+34G>C	1	141224	0.000007080949413697388	0	0
OPN1LW	X	153418616	G	A	c.578+35G>A	c.578+35G>A	1	140345	0.000007125298371869322	0	0
OPN1LW	X	153418630	A	G	c.578+49A>G	c.578+49A>G	22	139495	0.0001577117459407147	0	6
OPN1LW	X	153418632	C	T	c.578+51C>T	c.578+51C>T	1	126110	0.000007929585282689716	0	1
OPN1LW	X	153419992	G	A	c.579-57G>A	c.579-57G>A	287	3741	0.07671745522587543	11	5
OPN1LW	X	153419998	C	T	c.579-51C>T	c.579-51C>T	1	160879	0.000006215851664915869	0	1
OPN1LW	X	153420003	G	T	c.579-46G>T	c.579-46G>T	1	163415	0.000006119389284949362	0	0
OPN1LW	X	153420028	G	A	c.579-21G>A	c.579-21G>A	1	171979	0.000005814663418208037	0	1
OPN1LW	X	153420032	C	G	c.579-17C>G	c.579-17C>G	36	172050	0.00020924149956408022	0	0
OPN1LW	X	153420033	C	T	c.579-16C>T	c.579-16C>T	33	173426	0.0001902828872256755	0	10
OPN1LW	X	153420034	G	C	c.579-15G>C	c.579-15G>C	2	173921	0.000011499473899069117	0	0
OPN1LW	X	153420034	G	A	c.579-15G>A	c.579-15G>A	7	173921	0.000040248158646741914	0	2
OPN1LW	X	153420034	G	T	c.579-15G>T	c.579-15G>T	1	173921	0.0000057497369495345585	0	1
OPN1LW	X	153420035	G	A	c.579-14G>A	c.579-14G>A	1	174669	0.000005725114359159324	0	1
OPN1LW	X	153420040	T	C	c.579-9T>C	c.579-9T>C	2	175841	0.000011373911658828145	0	0
OPN1LW	X	153420044	T	G	c.579-5T>G	c.579-5T>G	1	176426	0.000005668098806298391	0	0
OPN1LW	X	153420049	G	A	p.Arg193Arg	c.579G>A	1	177069	0.000005647515940113741	0	0
OPN1LW	X	153420061	C	T	p.His197His	c.591C>T	8	177888	0.000044972117287281886	0	3
OPN1LW	X	153420062	G	A	p.Gly198Ser	c.592G>A	1	178050	0.000005616399887672002	0	1
OPN1LW	X	153420063	G	A	p.Gly198Asp	c.593G>A	5	178209	0.000028056944374302083	0	0
OPN1LW	X	153420067	G	A	p.Leu199Leu	c.597G>A	1	178664	0.0000055970984641561815	0	0
OPN1LW	X	153420073	T	G	p.Thr201Thr	c.603T>G	1	179107	0.000005583254702496273	0	0
OPN1LW	X	153420079	C	T	p.Cys203Cys	c.609C>T	4	179173	0.000022324792239902216	0	1
OPN1LW	X	153420089	G	A	p.Val207Met	c.619G>A	1	179732	0.0000055638394943582665	0	1
OPN1LW	X	153420097	C	T	p.Ser209Ser	c.627C>T	1	179836	0.00000556062189995329	0	0
OPN1LW	X	153420097	C	G	p.Ser209Arg	c.627C>G	2	179836	0.00001112124379990658	0	1
OPN1LW	X	153420098	G	A	p.Gly210Ser	c.628G>A	5	196578	0.000025435196207103542	0	1
OPN1LW	X	153420106	G	A	p.Ser212Ser	c.636G>A	8	179965	0.00004445308810046398	0	1
OPN1LW	X	153420109	C	T	p.Tyr213Tyr	c.639C>T	9	180051	0.000049985837346085275	1	2
OPN1LW	X	153420110	C	T	p.Pro214Ser	c.640C>T	1	180079	0.000005553118353611471	0	0
OPN1LW	X	153420110	C	A	p.Pro214Thr	c.640C>A	1	180079	0.000005553118353611471	0	1
OPN1LW	X	153420112	C	T	p.Pro214Pro	c.642C>T	17	198168	0.00008578579790884503	1	2
OPN1LW	X	153420113	G	A	p.Gly215Arg	c.643G>A	2	180133	0.000011102907296275529	0	0
OPN1LW	X	153420116	G	A	p.Val216Met	c.646G>A	1	18373	0.00005442769281010178	0	0
OPN1LW	X	153420118	G	A	p.Val216Val	c.648G>A	5	198839	0.00002514597236960556	0	1
OPN1LW	X	153420130	G	C	p.Met220Ile	c.660G>C	1	180333	0.000005545296756555927	0	1
OPN1LW	X	153420132	T	A	p.Ile221Asn	c.662T>A	1	180347	0.000005544866285549524	0	1
OPN1LW	X	153420134	G	A	p.Val222Ile	c.664G>A	1	180353	0.000005544681818433849	0	1
OPN1LW	X	153420136	C	A	p.Val222Val	c.666C>A	2	180360	0.000011088933244621867	1	0
OPN1LW	X	153420139	C	T	p.Leu223Leu	c.669C>T	1	20188	0.00004953437685753913	0	0
OPN1LW	X	153420141	T	G	p.Met224Arg	c.671T>G	1	180382	0.000005543790400372543	0	0
OPN1LW	X	153420158	A	G	p.Ile230Val	c.688A>G	1	180444	0.000005541885571146727	0	0
OPN1LW	X	153420159	T	C	p.Ile230Thr	c.689T>C	462	201166	0.002296610759273436	3	32
OPN1LW	X	153420166	C	T	p.Leu232Leu	c.696C>T	2	180457	0.00001108297267493087	0	1
OPN1LW	X	153420167	G	T	p.Ala233Ser	c.697G>T	2	201510	0.000009925065753560617	0	0
OPN1LW	X	153420167	G	A	p.Ala233Thr	c.697G>A	13	180459	0.00007203852398605778	0	5
OPN1LW	X	153420172	C	G	p.Ile234Met	c.702C>G	2	180466	0.000011082419957221859	0	1
OPN1LW	X	153420173	A	G	p.Ile235Val	c.703A>G	2	180468	0.000011082297138550879	0	1
OPN1LW	X	153420176	A	G	p.Met236Val	c.706A>G	19856	200881	0.09884458958288739	1604	6370
OPN1LW	X	153420176	A	T	p.Met236Leu	c.706A>T	41	200881	0.00020410093537965264	0	14
OPN1LW	X	153420176	A	C	p.Met236Leu	c.706A>C	119	200881	0.0005923905197604552	2	30
OPN1LW	X	153420196	G	C	p.Val242Val	c.726G>C	1	180377	0.000005543944072692195	0	0
OPN1LW	X	153420198	G	C	p.Trp243Ser	c.728G>C	2	200496	0.000009975261351847418	0	1
OPN1LW	X	153420199	G	C	p.Trp243Cys	c.729G>C	2	180358	0.00001108905621042593	0	2
OPN1LW	X	153420203	G	C	p.Ala245Pro	c.733G>C	1	180304	0.00000554618865915343	0	0
OPN1LW	X	153420203	G	A	p.Ala245Thr	c.733G>A	3	180304	0.000016638565977460288	0	1
OPN1LW	X	153420210	G	A	p.Arg247Gln	c.740G>A	6	199405	0.000030089516311025302	1	1
OPN1LW	X	153420213	C	G	p.Ala248Gly	c.743C>G	1	180168	0.000005550375205363883	0	0
OPN1LW	X	153420213	C	T	p.Ala248Val	c.743C>T	4	180168	0.00002220150082145553	0	1
OPN1LW	X	153420214	G	A	p.Ala248Ala	c.744G>A	4	180174	0.000022200761486118974	0	0
OPN1LW	X	153420218	AG	A	c.744+5delG	c.744+5delG	1	180144	0.0000055511146638244955	0	0
OPN1LW	X	153420219	G	GC	c.744+11dupC	c.744+11dupC	1	180116	0.000005551977614426259	0	0
OPN1LW	X	153420225	C	G	c.744+11C>G	c.744+11C>G	2	180065	0.00001110710021381168	1	0
OPN1LW	X	153420225	C	T	c.744+11C>T	c.744+11C>T	10	180065	0.00005553550106905839	0	5
OPN1LW	X	153420226	G	A	c.744+12G>A	c.744+12G>A	3	180015	0.000016665277893508874	0	2
OPN1LW	X	153420228	T	C	c.744+14T>C	c.744+14T>C	1	18076	0.00005532197388802833	0	0
OPN1LW	X	153420245	C	G	c.744+31C>G	c.744+31C>G	1	179363	0.000005575285872783127	0	1
OPN1LW	X	153420245	C	T	c.744+31C>T	c.744+31C>T	13	179363	0.00007247871634618065	0	6
OPN1LW	X	153420246	G	A	c.744+32G>A	c.744+32G>A	9	179286	0.000050199123188648306	1	4
OPN1LW	X	153420265	C	T	c.744+51C>T	c.744+51C>T	5	178024	0.000028086100750460612	1	1
OPN1LW	X	153421711	G	A	c.745-58G>A	c.745-58G>A	74	12311	0.006010884574770531	0	4
OPN1LW	X	153421730	G	T	c.745-39G>T	c.745-39G>T	1	179958	0.00000555685215439158	0	0
OPN1LW	X	153421736	C	T	c.745-33C>T	c.745-33C>T	1	180320	0.0000055456965394853596	0	0
OPN1LW	X	153421736	C	A	c.745-33C>A	c.745-33C>A	1	180320	0.0000055456965394853596	0	0
OPN1LW	X	153421738	AC	A	c.745-26delC	c.745-26delC	1	180483	0.000005540688042641135	0	0
OPN1LW	X	153421743	C	T	c.745-26C>T	c.745-26C>T	22	196488	0.00011196612515777045	1	4
OPN1LW	X	153421744	G	A	c.745-25G>A	c.745-25G>A	3	180594	0.0000166118475696867	0	0
OPN1LW	X	153421781	CAGAA	C	p.Lys254SerfsTer12	c.761_764delAAGA	1	181718	0.00000550303217072607	0	0
OPN1LW	X	153421782	A	G	p.Gln253Arg	c.758A>G	2	181777	0.000011002492064452599	0	1
OPN1LW	X	153421789	G	A	p.Glu255Glu	c.765G>A	3	181896	0.000016492941021242907	0	1
OPN1LW	X	153421811	G	C	p.Glu263Gln	c.787G>C	1	182083	0.000005492000900688148	0	0
OPN1LW	X	153421822	G	C	c.384+3G>C	c.384+3G>C	os_lof"	3	182116	0.000016473017197829955	0
OPN1LW	X	153421825	G	C	c.384+6G>C	c.384+6G>C	1	182123	0.000005490794682714429	0	1
OPN1LW	X	153421825	G	A	c.384+6G>A	c.384+6G>A	3	182123	0.000016472384048143287	0	2
OPN1LW	X	153421826	C	T	p.Arg268Cys	c.802C>T	4	182122	0.000021963299326824875	1	1
OPN1LW	X	153421827	G	T	p.Arg268Leu	c.803G>T	1	182124	0.000005490764534053722	0	1
OPN1LW	X	153421827	G	A	p.Arg268His	c.803G>A	6	182124	0.00003294458720432233	0	3
OPN1LW	X	153421831	G	A	p.Met269Ile	c.807G>A	1	182138	0.000005490342487564374	0	0
OPN1LW	X	153421835	G	T	p.Val271Leu	c.811G>T	1	182150	0.000005489980785067252	0	0
OPN1LW	X	153421835	G	A	p.Val271Met	c.811G>A	1	21588	0.00004632203075782842	0	0
OPN1LW	X	153421838	G	A	p.Val272Met	c.814G>A	2	182159	0.000010979419078936534	0	1
OPN1LW	X	153421847	T	G	p.Phe275Val	c.823T>G	1	182173	0.000005489287655140993	0	0
OPN1LW	X	153421849	T	G	p.Phe275Leu	c.825T>G	2	182173	0.000010978575310281986	0	1
OPN1LW	X	153421851	C	T	p.Ala276Val	c.827C>T	1	182178	0.000005489136997881193	0	0
OPN1LW	X	153421852	G	A	p.Ala276Ala	c.828G>A	1	182180	0.000005489076737292787	0	1
OPN1LW	X	153421858	C	T	p.Cys278Cys	c.834C>T	7	182182	0.00003842311534619227	0	2
OPN1LW	X	153421859	G	A	p.Val279Ile	c.835G>A	4	203978	0.000019609957936640227	0	2
OPN1LW	X	153421859	G	T	p.Val279Phe	c.835G>T	2	203978	0.000009804978968320113	0	1
OPN1LW	X	153421871	C	T	p.Pro283Ser	c.847C>T	1	182207	0.0000054882633488285304	0	0
OPN1LW	X	153421873	C	A	p.Pro283Pro	c.849C>A	11	182203	0.0000603722221917312	0	1
OPN1LW	X	153421876	C	T	p.Tyr284Tyr	c.852C>T	6	182213	0.00003292849577143234	0	0
OPN1LW	X	153421877	A	G	p.Thr285Ala	c.853A>G	100	203762	0.0004907686418468605	1	25
OPN1LW	X	153421879	C	G	p.Thr285Thr	c.855C>G	1	182214	0.000005488052509686413	0	0
OPN1LW	X	153421885	C	T	p.Phe287Phe	c.861C>T	124	204024	0.0006077716347096421	2	44
OPN1LW	X	153421886	G	A	p.Ala288Thr	c.862G>A	5	203996	0.000024510284515382656	0	1
OPN1LW	X	153421886	G	C	p.Ala288Pro	c.862G>C	2	182217	0.000010975924310025958	0	0
OPN1LW	X	153421891	C	T	p.Cys289Cys	c.867C>T	13	182218	0.00007134311648684542	0	8
OPN1LW	X	153421898	G	T	p.Ala292Ser	c.874G>T	1	182212	0.00000548811274778829	0	0
OPN1LW	X	153421903	C	G	p.Ala293Ala	c.879C>G	2	182211	0.000010976285734670245	0	1
OPN1LW	X	153421903	C	T	p.Ala293Ala	c.879C>T	1	182211	0.0000054881428673351224	0	1
OPN1LW	X	153421911	G	C	p.Gly296Ala	c.887G>C	1	182212	0.00000548811274778829	0	0
OPN1LW	X	153421912	T	A	p.Gly296Gly	c.888T>A	1	181771	0.0000055014276204675116	0	0
OPN1LW	X	153421912	T	C	p.Gly296Gly	c.888T>C	19775	203257	0.097290622217193	1378	6428
OPN1LW	X	153421915	C	T	p.Tyr297Tyr	c.891C>T	12	182208	0.00006585879873551106	0	5
OPN1LW	X	153421916	G	A	p.Ala298Thr	c.892G>A	5	203899	0.00002452194468830156	0	1
OPN1LW	X	153421916	G	C	p.Ala298Pro	c.892G>C	61	203899	0.00029916772519727905	0	11
OPN1LW	X	153421933	G	A	p.Met303Ile	c.909G>A	1	182213	0.000005488082628572056	0	0
OPN1LW	X	153421944	C	T	p.Pro307Leu	c.920C>T	1	182181	0.000005489046607494744	0	0
OPN1LW	X	153421945	G	T	p.Pro307Pro	c.921G>T	7	203722	0.000034360550161494584	0	1
OPN1LW	X	153421945	G	C	p.Pro307Pro	c.921G>C	5	203722	0.000024543250115353276	0	1
OPN1LW	X	153421945	G	A	p.Pro307Pro	c.921G>A	2	182184	0.000010977912440170378	0	1
OPN1LW	X	153421948	C	T	p.Ala308Ala	c.924C>T	2	182205	0.000010976647183117916	0	1
OPN1LW	X	153421950	A	T	p.Tyr309Phe	c.926A>T	73	203646	0.0003584651797727429	0	29
OPN1LW	X	153421952	T	A	p.Phe310Ile	c.928T>A	1	182196	0.000005488594700212958	0	0
OPN1LW	X	153421954	T	C	p.Phe310Phe	c.930T>C	2	182182	0.000010978032956054934	0	2
OPN1LW	X	153421956	C	T	p.Ala311Val	c.932C>T	2	182182	0.000010978032956054934	0	1
OPN1LW	X	153421959	A	G	p.Lys312Arg	c.935A>G	1	182185	0.000005488926091610176	0	1
OPN1LW	X	153421965	C	G	p.Ala314Gly	c.941C>G	1	182158	0.0000054897396765445385	0	0
OPN1LW	X	153421966	C	A	p.Ala314Ala	c.942C>A	1	182153	0.000005489890366889373	0	0
OPN1LW	X	153421981	C	T	p.Pro319Pro	c.957C>T	13	203060	0.00006402048655569782	1	3
OPN1LW	X	153421985	A	G	p.Ile321Val	c.961A>G	7	182095	0.000038441472857574345	0	3
OPN1LW	X	153421985	A	T	p.Ile321Phe	c.961A>T	1	20825	0.00004801920768307323	0	0
OPN1LW	X	153421988	T	C	p.Tyr322His	c.964T>C	1	182074	0.000005492272372771511	0	0
OPN1LW	X	153422003	C	T	p.Arg327Trp	c.979C>T	2	181909	0.000010994508243132555	0	2
OPN1LW	X	153422003	C	G	p.Arg327Gly	c.979C>G	1	181909	0.000005497254121566278	0	1
OPN1LW	X	153422004	G	A	p.Arg327Gln	c.980G>A	1	181903	0.000005497435446364271	0	0
OPN1LW	X	153422036	T	G	c.984+28T>G	c.984+28T>G	89	199537	0.00044603256538887527	0	19
OPN1LW	X	153422040	A	G	c.984+32A>G	c.984+32A>G	172	199234	0.0008633064637561862	4	63
OPN1LW	X	153422041	A	G	c.984+33A>G	c.984+33A>G	1	180628	0.000005536240228535997	0	0
OPN1LW	X	153422045	C	T	c.984+37C>T	c.984+37C>T	1	180168	0.000005550375205363883	0	1
OPN1LW	X	153422046	G	A	c.984+38G>A	c.984+38G>A	15	198248	0.00007566280618215568	0	10
OPN1LW	X	153422047	T	C	c.984+39T>C	c.984+39T>C	4	180024	0.00002221925965426832	0	2
OPN1LW	X	153422051	C	T	c.984+43C>T	c.984+43C>T	1	179644	0.000005566564984079624	0	0
OPN1LW	X	153422053	C	G	c.984+45C>G	c.984+45C>G	2	179406	0.00001114789917839983	0	0
OPN1LW	X	153422054	T	C	c.984+46T>C	c.984+46T>C	1	179433	0.000005573110854748012	0	1
OPN1LW	X	153422060	G	A	c.984+52G>A	c.984+52G>A	1	178661	0.000005597192448267949	0	0
OPN1LW	X	153422064	C	A	c.984+56C>A	c.984+56C>A	1	18214	0.00005490282200505106	0	0
OPN1LW	X	153422070	T	C	c.984+62T>C	c.984+62T>C	2	18164	0.00011010790574763268	0	1
OPN1LW	X	153422078	C	T	c.984+70C>T	c.984+70C>T	1	18347	0.000054504823676895406	0	0
OPN1MW	X	153453274	C	T	p.Pro43Leu	c.128C>T	7	25912	0.00027014510651435626	2	2
OPN1MW	X	153453275	G	A	p.Pro43Pro	c.129G>A	2	25907	0.00007719921256803181	1	0
OPN1MW	X	153453329	C	A	p.Ile61Ile	c.183C>A	2	28483	0.00007021732261348875	0	1
OPN1MW	X	153453336	G	A	p.Val64Ile	c.190G>A	1	28552	0.00003502381619501261	0	1
OPN1MW	X	153453340	T	C	p.Ile65Thr	c.194T>C	57	2656	0.021460843373493976	2	0
OPN1MW	X	153453377	C	T	p.Ala77Ala	c.231C>T	1	28637	0.00003491985892376995	0	0
OPN1MW	X	153453398	G	C	p.Leu84Leu	c.252G>C	2	29774	0.00006717270101430779	0	1
OPN1MW	X	153453406	C	T	p.Pro87Leu	c.260C>T	1	31392	0.000031855249745158005	0	0
OPN1MW	X	153453407	G	A	p.Pro87Pro	c.261G>A	2	31577	0.00006333723912974634	0	1
OPN1MW	X	153453414	T	C	p.Trp90Arg	c.268T>C	1	34319	0.000029138378157871734	0	0
OPN1MW	X	153453419	C	T	p.Ile91Ile	c.273C>T	8	35600	0.00022471910112359551	4	0
OPN1MW	X	153453422	G	A	p.Leu92Leu	c.276G>A	1	37593	0.00002660069693825978	0	0
OPN1MW	X	153453433	C	T	p.Ala96Val	c.287C>T	4	41246	0.00009697910100373369	0	1
OPN1MW	X	153453434	G	A	p.Ala96Ala	c.288G>A	2	42743	0.000046791287462274524	0	1
OPN1MW	X	153453437	C	T	p.Val97Val	c.291C>T	15	44927	0.0003338749527010484	5	2
OPN1MW	X	153453438	G	A	p.Ala98Thr	c.292G>A	5	46133	0.0001083822859991763	1	1
OPN1MW	X	153453440	T	C	p.Ala98Ala	c.294T>C	1	48818	0.000020484247613585153	0	0
OPN1MW	X	153453446	G	A	p.Leu100Leu	c.300G>A	416	57752	0.007203213741515445	14	19
OPN1MW	X	153453453	A	G	p.Thr103Ala	c.307A>G	351	63122	0.005560660308608726	7	11
OPN1MW	X	153453455	C	T	p.Thr103Thr	c.309C>T	5	60968	0.00008201023487731269	1	0
OPN1MW	X	153453456	G	A	p.Val104Ile	c.310G>A	1	63466	0.000015756468030126366	0	0
OPN1MW	X	153453461	C	T	p.Ile105Ile	c.315C>T	2	68704	0.000029110386585933862	0	0
OPN1MW	X	153453477	G	A	p.Val111Ile	c.331G>A	11	82601	0.00013317030060168764	2	1
OPN1MW	X	153453478	T	C	p.Val111Ala	c.332T>C	5	82740	0.00006043026347594876	0	0
OPN1MW	X	153453493	A	C	p.Tyr116Ser	c.347A>C	210	95973	0.0021881154074583475	47	30
OPN1MW	X	153453500	C	A	p.Tyr118Ter	c.354C>A	3	86816	0.00003455584224106156	0	0
OPN1MW	X	153453500	C	T	p.Tyr118Tyr	c.354C>T	1	86816	0.000011518614080353852	0	1
OPN1MW	X	153453521	G	C	p.Met125Ile	c.375G>C	3	84442	0.00003552734421259563	1	0
OPN1MW	X	153453539	C	T	p.Tyr131Tyr	c.393C>T	1	109909	0.000009098435978855235	0	0
OPN1MW	X	153453548	C	T	p.Ser134Ser	c.402C>T	1	118789	0.000008418287888609215	0	0
OPN1MW	X	153453557	T	C	c.409+2T>C	c.409+2T>C	5	121762	0.00004106371445935514	2	0
OPN1MW	X	153453560	G	C	c.409+5G>C	c.409+5G>C	1	13108	0.00007628928898382667	0	0
OPN1MW	X	153453562	C	T	c.409+7C>T	c.409+7C>T	2	122740	0.000016294606485253383	0	2
OPN1MW	X	153453566	C	T	c.409+11C>T	c.409+11C>T	462	136422	0.003386550556361877	10	14
OPN1MW	X	153453567	G	A	c.409+12G>A	c.409+12G>A	1	123699	0.000008084139726271029	0	0
OPN1MW	X	153453569	G	C	c.409+14G>C	c.409+14G>C	1	13431	0.00007445461990916536	0	1
OPN1MW	X	153453573	C	A	c.409+18C>A	c.409+18C>A	1	124096	0.000008058277462609593	0	0
OPN1MW	X	153453579	C	T	c.409+24C>T	c.409+24C>T	1	124055	0.000008060940711781064	0	0
OPN1MW	X	153453582	C	T	c.409+27C>T	c.409+27C>T	3	137629	0.000021797731582733292	1	1
OPN1MW	X	153453590	A	G	c.409+35A>G	c.409+35A>G	4	137148	0.000029165572957680754	0	1
OPN1MW	X	153453593	C	G	c.409+38C>G	c.409+38C>G	1	123990	0.00000806516654568917	0	0
OPN1MW	X	153453596	T	G	c.409+41T>G	c.409+41T>G	55	137290	0.0004006118435428655	2	3
OPN1MW	X	153453599	C	G	c.409+44C>G	c.409+44C>G	1	123812	0.000008076761541692242	0	0
OPN1MW	X	153453603	G	A	c.409+48G>A	c.409+48G>A	5	123789	0.000040391311021173124	0	4
OPN1MW	X	153455477	A	G	c.410-66A>G	c.410-66A>G	3	5813	0.0005160846378806125	1	0
OPN1MW	X	153455501	T	C	c.410-42T>C	c.410-42T>C	2	16240	0.0001231527093596059	1	0
OPN1MW	X	153455586	A	G	p.Arg151Arg	c.453A>G	18	20461	0.0008797223987097405	0	0
OPN1MW	X	153455590	A	C	p.Met153Leu	c.457A>C	9	5766	0.0015608740894901144	0	0
OPN1MW	X	153455598	C	G	p.Val155Val	c.465C>G	813	18989	0.042814260887882455	113	92
OPN1MW	X	153455616	T	C	p.Asn161Asn	c.483T>C	2	4521	0.00044238000442380006	0	0
OPN1MW	X	153455644	G	A	p.Val171Met	c.511G>A	16	13779	0.0011611873140285943	3	1
OPN1MW	X	153455646	G	T	p.Val171Val	c.513G>T	15	13577	0.0011048096044781615	3	0
OPN1MW	X	153455649	C	T	p.Gly172Gly	c.516C>T	1	10328	0.00009682416731216112	0	0
OPN1MW	X	153455654	C	T	p.Ala174Val	c.521C>T	523	12419	0.0421128915371608	97	62
OPN1MW	X	153455665	A	G	p.Ile178Val	c.532A>G	331	11600	0.02853448275862069	55	39
OPN1MW	X	153455671	G	T	p.Ala180Ser	c.538G>T	734	9890	0.07421638018200202	103	75
OPN1MW	X	153455677	G	A	p.Val182Met	c.544G>A	1	6311	0.00015845349389954048	0	0
OPN1MW	X	153455691	G	A	p.Pro186Pro	c.558G>A	1	3445	0.00029027576197387516	0	0
OPN1MW	X	153458854	C	G	c.745-45C>G	c.745-45C>G	2	76559	0.00002612364320328113	0	1
OPN1MW	X	153458865	C	G	c.745-34C>G	c.745-34C>G	1	89321	0.000011195575508559017	0	1
OPN1MW	X	153458868	A	G	c.745-31A>G	c.745-31A>G	4	92071	0.00004344473286919877	0	3
OPN1MW	X	153458873	C	T	c.745-26C>T	c.745-26C>T	2	95005	0.00002105152360402084	0	0
OPN1MW	X	153458879	A	G	c.745-20A>G	c.745-20A>G	2	100674	0.000019866102469356536	0	1
OPN1MW	X	153458887	T	TG	c.745-11dupG	c.745-11dupG	1	8135	0.0001229256299938537	0	0
OPN1MW	X	153458907	G	A	p.Lys251Lys	c.753G>A	1	110715	0.000009032199792259404	0	0
OPN1MW	X	153458914	A	G	p.Lys254Glu	c.760A>G	4	115001	0.0000347823062408153	1	2
OPN1MW	X	153458919	G	A	p.Glu255Glu	c.765G>A	1	117967	0.000008476946942789084	0	0
OPN1MW	X	153458931	C	G	p.Thr259Thr	c.777C>G	1	144309	0.000006929574731998697	0	0
OPN1MW	X	153458946	G	A	p.Lys264Lys	c.792G>A	1	152559	0.000006554841077878067	0	0
OPN1MW	X	153458955	G	A	c.382+6G>A	c.382+6G>A	2	152820	0.000013087292239235702	1	0
OPN1MW	X	153458956	C	T	p.Arg268Cys	c.802C>T	17	167346	0.0001015859357259809	4	5
OPN1MW	X	153458957	G	A	p.Arg268His	c.803G>A	1	152869	0.000006541548646226508	0	0
OPN1MW	X	153458959	A	G	p.Met269Val	c.805A>G	2	152947	0.000013076425166887877	1	0
OPN1MW	X	153458960	T	C	p.Met269Thr	c.806T>C	1	152962	0.000006537571422967796	0	0
OPN1MW	X	153458963	T	C	p.Val270Ala	c.809T>C	1	152973	0.0000065371013185333355	0	0
OPN1MW	X	153458965	G	T	p.Val271Leu	c.811G>T	10	153042	0.00006534154023078632	1	5
OPN1MW	X	153458976	C	G	p.Val274Val	c.822C>G	2	153112	0.000013062333455248446	1	0
OPN1MW	X	153458979	G	A	p.Leu275Leu	c.825G>A	2	153133	0.000013060542143104361	0	2
OPN1MW	X	153458982	A	G	p.Ala276Ala	c.828A>G	4	153196	0.00002611034230658764	0	1
OPN1MW	X	153458986	T	C	p.Cys278Arg	c.832T>C	2	153255	0.000013050145182865159	1	0
OPN1MW	X	153458986	T	A	p.Cys278Ser	c.832T>A	1	153255	0.0000065250725914325795	0	1
OPN1MW	X	153458989	T	G	p.Phe279Val	c.835T>G	149	153266	0.0009721660381297874	11	60
OPN1MW	X	153459003	A	G	p.Pro283Pro	c.849A>G	1	153544	0.000006512791121763143	0	1
OPN1MW	X	153459006	C	T	p.Tyr284Tyr	c.852C>T	5	153461	0.000032581567955376284	1	1
OPN1MW	X	153459007	G	A	p.Ala285Thr	c.853G>A	4	153461	0.000026065254364301027	0	2
OPN1MW	X	153459008	C	T	p.Ala285Val	c.854C>T	1	153463	0.0000065162286674964	0	0
OPN1MW	X	153459008	C	A	p.Ala285Asp	c.854C>A	1	153463	0.0000065162286674964	0	1
OPN1MW	X	153459009	C	T	p.Ala285Ala	c.855C>T	2	153456	0.000013033051819414034	1	0
OPN1MW	X	153459015	C	T	p.Phe287Phe	c.861C>T	5	153385	0.000032597711640642824	0	3
OPN1MW	X	153459016	G	A	p.Ala288Thr	c.862G>A	3	153371	0.00001956041233349199	0	1
OPN1MW	X	153459016	G	C	p.Ala288Pro	c.862G>C	1	16062	0.00006225874735400324	0	0
OPN1MW	X	153459027	T	C	p.Ala291Ala	c.873T>C	1	153249	0.00000652532806086826	0	0
OPN1MW	X	153459041	G	A	p.Gly296Asp	c.887G>A	1	15367	0.00006507451031430989	0	0
OPN1MW	X	153459042	C	T	p.Gly296Gly	c.888C>T	21	168312	0.00012476828746613432	4	7
OPN1MW	X	153459046	C	G	p.Pro298Ala	c.892C>G	23	152895	0.00015043003368324668	4	7
OPN1MW	X	153459047	C	T	p.Pro298Leu	c.893C>T	1	153070	0.000006532958777030117	0	1
OPN1MW	X	153459050	T	A	p.Phe299Tyr	c.896T>A	1	155064	0.000006448950110921942	0	1
OPN1MW	X	153459051	C	T	p.Phe299Phe	c.897C>T	7	155147	0.000045118500518862756	0	1
OPN1MW	X	153459054	C	G	p.His300Gln	c.900C>G	1	155383	0.000006435710470257364	0	0
OPN1MW	X	153459054	C	T	p.His300His	c.900C>T	1	155383	0.000006435710470257364	0	0
OPN1MW	X	153459065	C	A	p.Ala304Asp	c.911C>A	1	14861	0.00006729022273063724	0	0
OPN1MW	X	153459070	C	T	p.Leu306Leu	c.916C>T	1	148992	0.000006711769759450172	0	0
OPN1MW	X	153459075	G	A	p.Pro307Pro	c.921G>A	10	161993	0.00006173106245331588	0	3
OPN1MW	X	153459076	G	C	p.Ala308Pro	c.922G>C	1	146767	0.000006813520750577446	0	0
OPN1MW	X	153459080	T	A	p.Phe309Tyr	c.926T>A	66	160452	0.0004113379702340887	12	14
OPN1MW	X	153459097	A	C	p.Thr315Pro	c.943A>C	1	145359	0.000006879518984032636	0	0
OPN1MW	X	153459100	A	G	p.Ile316Val	c.946A>G	13	160233	0.00008113185174090232	1	5
OPN1MW	X	153459102	C	T	p.Ile316Ile	c.948C>T	1	144810	0.000006905600441958429	0	0
OPN1MW	X	153459111	C	T	p.Pro319Pro	c.957C>T	8	141287	0.00005662233609603148	0	0
OPN1MW	X	153459112	G	A	p.Val320Ile	c.958G>A	2	140268	0.000014258419596771894	0	1
OPN1MW	X	153459123	C	T	p.Val323Val	c.969C>T	1	139847	0.000007150671805616138	0	0
OPN1MW	X	153459126	T	C	p.Phe324Phe	c.972T>C	11	156041	0.00007049429316653957	0	0
OPN1MW	X	153459135	G	T	p.Arg327Arg	c.981G>T	4	152108	0.000026297104688773766	0	4
OPN1MW	X	153459138	G	C	p.Gln328His	c.984G>C	2	138369	0.000014454104604355022	1	0
OPN1MW	X	153459153	C	T	c.984+15C>T	c.984+15C>T	4	131820	0.000030344409042633894	1	0
OPN1MW	X	153459157	A	T	c.984+19A>T	c.984+19A>T	2	131938	0.000015158635116494112	1	0
OPN1MW	X	153459165	C	T	c.984+27C>T	c.984+27C>T	2	131769	0.000015178076785890459	0	1
OPN1MW	X	153459167	C	G	c.984+29C>G	c.984+29C>G	1	131690	0.000007593591009188245	0	0
OPN1MW	X	153459176	G	A	c.984+38G>A	c.984+38G>A	3	128759	0.00002329934218190573	0	1
OPN1MW	X	153459189	G	GGGT	c.984+53_984+55dupGTG	c.984+53_984+55dupGTG	1	127704	0.000007830608281651319	0	0
OPN1MW	X	153459212	G	T	c.984+74G>T	c.984+74G>T	1	15013	0.000066608938919603	0	1
OPN1MW	X	153461533	G	A	c.*2G>A	c.*2G>A	177	57432	0.003081905557877142	1	22
OPN1MW	X	153461539	C	T	c.*8C>T	c.*8C>T	86	18077	0.00475742656414228	0	0
OPN1MW	X	153461552	C	T	c.*21C>T	c.*21C>T	313	60013	0.005215536633729359	2	55
OPN1MW	X	153461560	G	A	c.*29G>A	c.*29G>A	13	42240	0.0003077651515151515	0	0
OPN1MW	X	153461579	C	G	c.*48C>G	c.*48C>G	1	21039	0.00004753077617757498	0	0
OPN1MW	X	153461583	C	T	c.*52C>T	c.*52C>T	2	53553	0.00003734618041939761	0	1
OPN1MW2	X	153490353	C	T	c.113-24C>T	c.113-24C>T	6	35025	0.00017130620985010707	0	0
OPN1MW2	X	153490380	C	T	p.Pro39Leu	c.116C>T	1	36406	0.000027467999780256003	0	0
OPN1MW2	X	153490392	C	T	p.Pro43Leu	c.128C>T	1	36516	0.00002738525577828897	0	0
OPN1MW2	X	153490420	G	A	p.Val52Val	c.156G>A	131	44989	0.0029118228900397876	7	21
OPN1MW2	X	153490465	C	T	p.Ser67Ser	c.201C>T	2	45700	0.0000437636761487965	1	0
OPN1MW2	X	153490477	T	G	p.Asn71Lys	c.213T>G	1	46719	0.000021404567734754598	0	0
OPN1MW2	X	153490483	T	C	p.Leu73Leu	c.219T>C	13	47405	0.00027423267587807195	0	6
OPN1MW2	X	153490486	G	A	p.Val74Val	c.222G>A	1	47186	0.00002119272665621159	0	0
OPN1MW2	X	153490490	G	A	p.Ala76Thr	c.226G>A	1	47241	0.000021168053174149574	0	0
OPN1MW2	X	153490513	G	A	p.Lys83Lys	c.249G>A	1	48163	0.000020762826235907232	0	0
OPN1MW2	X	153490517	C	T	p.Arg85Cys	c.253C>T	1	49442	0.000020225719024311313	0	1
OPN1MW2	X	153490518	G	A	p.Arg85His	c.254G>A	2	5657	0.00035354428142124803	0	0
OPN1MW2	X	153490524	C	T	p.Pro87Leu	c.260C>T	3	56316	0.00005327082889409759	1	1
OPN1MW2	X	153490551	C	A	p.Ala96Glu	c.287C>A	1	94004	0.000010637845198076678	0	1
OPN1MW2	X	153490551	C	T	p.Ala96Val	c.287C>T	1	94004	0.000010637845198076678	0	0
OPN1MW2	X	153490555	C	T	p.Val97Val	c.291C>T	4	104354	0.00003833106541196313	0	0
OPN1MW2	X	153490556	G	A	p.Ala98Thr	c.292G>A	2	107488	0.000018606728192914558	0	0
OPN1MW2	X	153490564	G	A	p.Leu100Leu	c.300G>A	135	124153	0.0010873680056059862	1	8
OPN1MW2	X	153490564	G	C	p.Leu100Leu	c.300G>C	1	124153	0.0000080545778193036	0	0
OPN1MW2	X	153490565	G	A	p.Ala101Thr	c.301G>A	1	124988	0.000008000768073735079	0	0
OPN1MW2	X	153490568	G	A	p.Glu102Lys	c.304G>A	15	128962	0.00011631333260960594	3	5
OPN1MW2	X	153490570	G	C	p.Glu102Asp	c.306G>C	1	130856	0.000007641988139634407	0	0
OPN1MW2	X	153490570	G	A	p.Glu102Glu	c.306G>A	5	130856	0.000038209940698172034	0	1
OPN1MW2	X	153490573	C	T	p.Thr103Thr	c.309C>T	11	142448	0.00007722116140626755	0	3
OPN1MW2	X	153490574	G	A	p.Val104Ile	c.310G>A	2	137032	0.000014595131064276958	0	1
OPN1MW2	X	153490578	TCG	T	p.Ala106GlnfsTer59	c.316_317delGC	4	141273	0.000028313973653847514	0	0
OPN1MW2	X	153490579	C	T	p.Ile105Ile	c.315C>T	3	142535	0.000021047462026870593	1	0
OPN1MW2	X	153490587	C	G	p.Thr108Ser	c.323C>G	1	149625	0.000006683375104427736	0	0
OPN1MW2	X	153490594	C	T	p.Ser110Ser	c.330C>T	7	163618	0.00004278257893385813	0	1
OPN1MW2	X	153490595	G	A	p.Val111Ile	c.331G>A	170	151519	0.001121971501923851	1	2
OPN1MW2	X	153490603	C	G	p.Asn113Lys	c.339C>G	3	153176	0.000019585313626155533	1	1
OPN1MW2	X	153490606	G	A	p.Gln114Gln	c.342G>A	1	153525	0.0000065135971340172614	0	1
OPN1MW2	X	153490607	G	A	p.Val115Ile	c.343G>A	1	153685	0.000006506815889644403	0	0
OPN1MW2	X	153490607	G	T	p.Val115Phe	c.343G>T	1	153685	0.000006506815889644403	0	0
OPN1MW2	X	153490611	A	C	p.Tyr116Ser	c.347A>C	353	150078	0.002352110236010608	5	18
OPN1MW2	X	153490621	C	T	p.Phe119Phe	c.357C>T	2	150946	0.000013249771441442636	0	1
OPN1MW2	X	153490622	G	A	p.Val120Met	c.358G>A	1	151258	0.0000066112205635404405	0	0
OPN1MW2	X	153490637	A	G	p.Met125Val	c.373A>G	1	163601	0.00000611243207559856	0	0
OPN1MW2	X	153490638	T	C	p.Met125Thr	c.374T>C	5	163685	0.000030546476463939885	0	3
OPN1MW2	X	153490660	C	G	p.Thr132Thr	c.396C>G	1	165558	0.000006040179272520809	0	0
OPN1MW2	X	153490660	C	T	p.Thr132Thr	c.396C>T	2	165558	0.000012080358545041618	0	1
OPN1MW2	X	153490661	G	A	p.Val133Ile	c.397G>A	3	165625	0.00001811320754716981	1	1
OPN1MW2	X	153490666	CCT	C	p.Leu135ValfsTer30	c.403_404delCT	3	185014	0.00001621498913595728	0	1
OPN1MW2	X	153490666	C	T	p.Ser134Ser	c.402C>T	4	165792	0.00002412661648330438	0	0
OPN1MW2	X	153490680	C	T	c.409+7C>T	c.409+7C>T	1	19703	0.00005075369233111709	0	1
OPN1MW2	X	153490684	C	T	c.409+11C>T	c.409+11C>T	8	165986	0.000048196835877724625	1	3
OPN1MW2	X	153490685	G	C	c.409+12G>C	c.409+12G>C	1	165998	0.0000060241689658911556	0	1
OPN1MW2	X	153490685	G	A	c.409+12G>A	c.409+12G>A	1	165998	0.0000060241689658911556	0	0
OPN1MW2	X	153490687	G	A	c.409+14G>A	c.409+14G>A	1	166026	0.000006023153000132509	0	1
OPN1MW2	X	153490690	C	T	c.409+17C>T	c.409+17C>T	1	166026	0.000006023153000132509	0	0
OPN1MW2	X	153490695	C	T	c.409+22C>T	c.409+22C>T	6	165988	0.00003614719136323108	0	4
OPN1MW2	X	153490700	C	T	c.409+27C>T	c.409+27C>T	73	185935	0.0003926103208110361	6	24
OPN1MW2	X	153490701	G	A	c.409+28G>A	c.409+28G>A	8	185921	0.000043029028458323694	0	1
OPN1MW2	X	153490709	C	T	c.409+36C>T	c.409+36C>T	2	165632	0.000012074961360123647	1	0
OPN1MW2	X	153490732	C	T	c.409+59C>T	c.409+59C>T	24	18943	0.0012669587710499922	0	11
OPN1MW2	X	153490741	C	G	c.409+68C>G	c.409+68C>G	2	18498	0.00010811979673478214	0	0
OPN1MW2	X	153492603	GCTTTGCTTCCCAC	G	c.410-49_410-37delCCCACCTTTGCTT	c.410-49_410-37delCCCACCTTTGCTT	7	13361	0.0005239128807723973	0	2
OPN1MW2	X	153492605	T	A	c.410-56T>A	c.410-56T>A	1	13174	0.00007590708972218005	0	0
OPN1MW2	X	153492606	T	A	c.410-55T>A	c.410-55T>A	1	13035	0.00007671653241273494	0	0
OPN1MW2	X	153492607	T	A	c.410-54T>A	c.410-54T>A	1	13032	0.0000767341927562922	0	0
OPN1MW2	X	153492669	G	A	p.Gly140Ser	c.418G>A	2	32421	0.00006168841183183739	0	0
OPN1MW2	X	153492670	G	C	p.Gly140Ala	c.419G>C	1	32498	0.000030771124376884735	0	0
OPN1MW2	X	153492684	G	A	p.Ala145Thr	c.433G>A	1	34812	0.00002872572676088705	0	0
OPN1MW2	X	153492686	C	G	p.Ala145Ala	c.435C>G	2	35816	0.00005584096493187402	0	1
OPN1MW2	X	153492689	C	G	p.Ile146Met	c.438C>G	2	36351	0.000055019119143902504	1	0
OPN1MW2	X	153492704	A	G	p.Arg151Arg	c.453A>G	328	45635	0.007187465760929111	14	28
OPN1MW2	X	153492708	A	C	p.Met153Leu	c.457A>C	193	45273	0.004263026527952643	5	17
OPN1MW2	X	153492710	G	A	p.Met153Ile	c.459G>A	1	37023	0.000027010236879777435	0	0
OPN1MW2	X	153492716	C	G	p.Val155Val	c.465C>G	5774	43189	0.1336914492116048	924	929
OPN1MW2	X	153492723	C	G	p.Pro158Ala	c.472C>G	1	36893	0.000027105412950966308	0	0
OPN1MW2	X	153492734	T	C	p.Asn161Asn	c.483T>C	19	7896	0.0024062816616008107	0	3
OPN1MW2	X	153492756	G	A	p.Ala169Thr	c.505G>A	2	34974	0.000057185337679418995	0	1
OPN1MW2	X	153492762	G	A	p.Val171Met	c.511G>A	214	40682	0.005260311685757829	4	16
OPN1MW2	X	153492764	G	T	p.Val171Val	c.513G>T	207	40648	0.005092501476087384	4	16
OPN1MW2	X	153492764	G	A	p.Val171Val	c.513G>A	2	34589	0.000057821850877446586	0	0
OPN1MW2	X	153492769	T	C	p.Ile173Thr	c.518T>C	1	6300	0.00015873015873015873	0	0
OPN1MW2	X	153492770	T	C	p.Ile173Ile	c.519T>C	1	34689	0.000028827582230678313	0	0
OPN1MW2	X	153492772	C	T	p.Ala174Val	c.521C>T	12396	33086	0.37465997702955933	2607	2998
OPN1MW2	X	153492783	A	G	p.Ile178Val	c.532A>G	11565	32621	0.35452622543760154	2092	2791
OPN1MW2	X	153492789	G	T	p.Ala180Ser	c.538G>T	1682	37010	0.04544717643880032	119	240
OPN1MW2	X	153492809	G	A	p.Pro186Pro	c.558G>A	3	35426	0.00008468356574267488	0	0
OPN1MW2	X	153492815	C	A	p.Ile188Ile	c.564C>A	1	3913	0.0002555583950932788	0	0
OPN1MW2	X	153492845	C	T	c.578+16C>T	c.578+16C>T	9	26744	0.0003365240801675142	1	1
OPN1MW2	X	153492871	C	T	c.578+42C>T	c.578+42C>T	1	21678	0.00004612971676353907	0	0
OPN1MW2	X	153495979	C	T	c.745-38C>T	c.745-38C>T	13	84044	0.00015468088144305364	1	2
OPN1MW2	X	153495991	C	T	c.745-26C>T	c.745-26C>T	1	93553	0.000010689128087821876	0	0
OPN1MW2	X	153495992	G	A	c.745-25G>A	c.745-25G>A	4	94731	0.000042224826086497555	0	2
OPN1MW2	X	153496035	G	T	p.Glu255Ter	c.763G>T	1	120240	0.0000083166999334664	0	0
OPN1MW2	X	153496037	G	A	p.Glu255Glu	c.765G>A	2	121986	0.00001639532405357992	1	0
OPN1MW2	X	153496052	G	C	p.Gln260His	c.780G>C	1	139954	0.000007145204853023136	0	1
OPN1MW2	X	153496059	G	A	p.Glu263Lys	c.787G>A	2	141046	0.000014179771138493824	1	0
OPN1MW2	X	153496073	G	C	c.382+6G>C	c.382+6G>C	2	141354	0.000014148874457036944	1	0
OPN1MW2	X	153496073	G	A	c.382+6G>A	c.382+6G>A	1	16179	0.00006180851721367204	0	1
OPN1MW2	X	153496074	C	T	p.Arg268Cys	c.802C>T	2	141385	0.000014145772182339003	0	0
OPN1MW2	X	153496075	G	A	p.Arg268His	c.803G>A	6	141377	0.000042439717917341574	1	3
OPN1MW2	X	153496077	A	G	p.Met269Val	c.805A>G	1	141493	0.00000706748743754108	0	0
OPN1MW2	X	153496081	T	C	p.Val270Ala	c.809T>C	4	141540	0.000028260562385191466	1	2
OPN1MW2	X	153496088	G	C	p.Val272Val	c.816G>C	1	141647	0.000007059803596263952	0	0
OPN1MW2	X	153496090	T	C	p.Met273Thr	c.818T>C	1	141647	0.000007059803596263952	0	1
OPN1MW2	X	153496104	T	C	p.Cys278Arg	c.832T>C	7	141775	0.00004937400811144419	1	3
OPN1MW2	X	153496104	T	G	p.Cys278Gly	c.832T>G	6	159423	0.00003763572382905854	1	2
OPN1MW2	X	153496105	G	T	p.Cys278Phe	c.833G>T	2	141770	0.000014107356986668547	1	0
OPN1MW2	X	153496107	T	C	p.Phe279Leu	c.835T>C	7	141844	0.00004934999013000197	0	1
OPN1MW2	X	153496107	T	G	p.Phe279Val	c.835T>G	4	141844	0.000028199994360001127	0	1
OPN1MW2	X	153496118	A	C	p.Gly282Gly	c.846A>C	5	142077	0.00003519218451966188	1	2
OPN1MW2	X	153496121	C	A	p.Pro283Pro	c.849C>A	2	142092	0.000014075387776933255	0	0
OPN1MW2	X	153496125	G	A	p.Ala285Thr	c.853G>A	97	159762	0.0006071531402961906	16	32
OPN1MW2	X	153496133	C	T	p.Phe287Phe	c.861C>T	11	142114	0.00007740264857790224	1	5
OPN1MW2	X	153496150	C	T	p.Ala293Val	c.878C>T	1	142474	0.0000070188244872748715	0	0
OPN1MW2	X	153496155	C	G	p.Pro295Ala	c.883C>G	1	142608	0.000007012229327947941	0	0
OPN1MW2	X	153496160	C	T	p.Gly296Gly	c.888C>T	32	159810	0.0002002377823665603	4	6
OPN1MW2	X	153496164	C	G	p.Pro298Ala	c.892C>G	37	159685	0.00023170617152519022	5	5
OPN1MW2	X	153496164	C	A	p.Pro298Thr	c.892C>A	2	142932	0.000013992667842050766	1	0
OPN1MW2	X	153496173	C	A	p.Pro301Thr	c.901C>A	1	144351	0.000006927558520550603	0	0
OPN1MW2	X	153496180	T	C	p.Met303Thr	c.908T>C	2	144109	0.00001387838372343157	1	0
OPN1MW2	X	153496185	G	T	p.Ala305Ser	c.913G>T	1	143106	0.000006987827205008875	0	0
OPN1MW2	X	153496193	G	T	p.Pro307Pro	c.921G>T	2	142591	0.00001402613068145956	0	0
OPN1MW2	X	153496193	G	A	p.Pro307Pro	c.921G>A	1	142591	0.00000701306534072978	0	0
OPN1MW2	X	153496195	C	T	p.Ala308Val	c.923C>T	2	142340	0.00001405086412814388	1	0
OPN1MW2	X	153496198	T	A	p.Phe309Tyr	c.926T>A	24	142040	0.00016896648831315122	3	4
OPN1MW2	X	153496208	A	G	p.Lys312Lys	c.936A>G	1	141175	0.000007083407118824154	0	0
OPN1MW2	X	153496220	C	G	p.Ile316Met	c.948C>G	1	139011	0.000007193675320658077	0	0
OPN1MW2	X	153496227	C	T	p.Pro319Ser	c.955C>T	1	136707	0.000007314914378927195	0	1
OPN1MW2	X	153496230	G	A	p.Val320Ile	c.958G>A	45	134587	0.00033435621568204954	5	4
OPN1MW2	X	153496235	CTA	C	p.Tyr322CysfsTer20	c.965_966delAT	13	134638	0.00009655520729660275	5	2
OPN1MW2	X	153496244	T	C	p.Phe324Phe	c.972T>C	1	142242	0.0000070302723527509455	0	0
OPN1MW2	X	153496268	C	T	c.984+12C>T	c.984+12C>T	1	141924	0.000007046024632902117	0	0
OPN1MW2	X	153496274	C	G	c.984+18C>G	c.984+18C>G	2	141553	0.000014128983490282792	0	2
OPN1MW2	X	153496284	T	G	c.984+28T>G	c.984+28T>G	3	141130	0.000021256997094877063	0	0
OPN1MW2	X	153496290	T	C	c.984+34T>C	c.984+34T>C	1	140862	0.000007099146682568756	0	0
OPN1MW2	X	153496293	C	T	c.984+37C>T	c.984+37C>T	3	140724	0.000021318325232369744	0	2
OPN1MW2	X	153496299	C	A	c.984+43C>A	c.984+43C>A	2	16261	0.00012299366582620996	0	1
OPN1MW2	X	153496302	T	C	c.984+46T>C	c.984+46T>C	4	140212	0.000028528228682281118	1	1
OPN1MW2	X	153496304	G	T	c.984+48G>T	c.984+48G>T	14	140207	0.00009985236115172566	2	5
OPN1MW2	X	153496307	G	C	c.984+51G>C	c.984+51G>C	12	140212	0.00008558468604684336	0	1
OPN1MW2	X	153496307	G	A	c.984+51G>A	c.984+51G>A	1	140212	0.0000071320571705702795	0	0
